id,first_name,last_name,email,gender,company,total_worth
76-6945122,Nedi,Danev,ndanev0@simplemachines.org,Female,Flashset,31.6059
49-2694300,Tiebout,Death,tdeath1@washingtonpost.com,Male,Rooxo,9.7704
95-8688213,Lucius,Kennion,lkennion2@arstechnica.com,Male,Kwideo,
66-9254297,Sigrid,Peterken,speterken3@ning.com,Female,Zava,
62-0567890,Reinwald,Capp,rcapp4@sciencedaily.com,Male,Bubbletube,33.2202
27-5111302,Jasmin,Sleightholme,jsleightholme5@shareasale.com,Female,Topiclounge,28.1471
51-6864149,Angelika,Stephens,astephens6@archive.org,Female,Kare,
74-3004008,Chalmers,Saffill,csaffill7@twitpic.com,Male,Twitterlist,
29-5859628,Reggie,Marte,rmarte8@archive.org,Male,Thoughtsphere,27.205
99-5562085,Leia,Lukasik,llukasik9@techcrunch.com,Female,Gigazoom,0.0866
11-3311026,Clayborne,Dare,cdarea@rambler.ru,Male,Edgeclub,31.372
07-5813062,Gayle,Petrillo,gpetrillob@usgs.gov,Male,Tagpad,23.7163
04-8935364,Ros,Carvilla,rcarvillac@prweb.com,Female,Demivee,43.6393
82-5109749,Lesley,August,laugustd@epa.gov,Male,Meemm,17.1956
20-7923969,Dietrich,Baseley,dbaseleye@blinklist.com,Male,Mudo,
13-1724740,Leland,Allderidge,lallderidgef@squidoo.com,Female,Dabjam,11.5068
14-9120137,Kahaleel,Borg,kborgg@digg.com,Male,Ntag,7.6843
69-0141756,Elayne,Lyvon,elyvonh@pbs.org,Female,Topicblab,6.5102
14-1991689,Gaylor,Swadling,gswadlingi@gravatar.com,Male,Riffpath,52.8
70-9094024,Elita,Fone,efonej@ft.com,Female,Zoomzone,
89-1694340,Krissy,Bambrick,kbambrickk@slate.com,Female,Trilith,39.5021
01-2239163,Tess,Suthren,tsuthrenl@woothemes.com,Female,Bluejam,23.6587
15-1244022,Pascal,Forstall,pforstallm@nsw.gov.au,Male,Cogibox,
17-5451025,Eldon,Pennetta,epennettan@prlog.org,Male,Muxo,28.7149
87-9312043,Jeniece,Sumption,jsumptiono@ca.gov,Female,Fadeo,33.3587
00-0715910,Leyla,Gamlen,lgamlenp@ask.com,Female,Quatz,17.8893
38-1338253,Hillard,Sheilds,hsheildsq@tiny.cc,Male,Yabox,
71-6082151,Albrecht,Dawidowitsch,adawidowitschr@nhs.uk,Male,Linklinks,29.459
63-9332389,Tammara,Silverson,tsilversons@wikispaces.com,Female,Mudo,20.1313
17-7785333,Edi,D'Enrico,edenricot@biblegateway.com,Female,Jabbercube,43.4479
89-1854190,Fidel,Faivre,ffaivreu@cisco.com,Male,Edgetag,30.3241
22-0432298,Brigham,Williamson,bwilliamsonv@samsung.com,Male,Jaxnation,28.8328
16-3260146,Katina,Baddam,kbaddamw@scribd.com,Female,JumpXS,17.0409
25-4042200,Kayla,Dreschler,kdreschlerx@chronoengine.com,Female,Twimbo,33.6173
10-1939456,Leonhard,Felce,lfelcey@berkeley.edu,Male,JumpXS,36.5803
01-3274318,Simonette,Volett,svolettz@t.co,Female,Jayo,13.609
50-0231836,Guillemette,Brooking,gbrooking10@house.gov,Female,Janyx,6.4206
97-6514732,Josie,Bassil,jbassil11@freewebs.com,Female,Shuffledrive,32.5333
24-0666947,Tadeas,Szymonowicz,tszymonowicz12@deliciousdays.com,Male,Realcube,23.2704
14-2954728,Meryl,Heers,mheers13@edublogs.org,Male,Jetpulse,13.0483
33-3944924,Jeannette,Francioli,jfrancioli14@guardian.co.uk,Female,Devcast,21.177
57-1430156,Drusilla,Bedle,dbedle15@storify.com,Female,Devpulse,43.7878
63-8727180,Puff,Palfreyman,ppalfreyman16@wikia.com,Male,Trupe,
16-5240976,Lawrence,Bellhouse,lbellhouse17@omniture.com,Male,Flashdog,17.3636
15-5478344,Pavia,Howcroft,phowcroft18@ca.gov,Female,Oba,19.9401
49-1705184,Maure,Longhorne,mlonghorne19@amazonaws.com,Female,Skippad,33.7134
14-6938533,Lyon,Tinker,ltinker1a@deviantart.com,Male,Twinte,6.2666
85-6554807,Jerad,Pedel,jpedel1b@answers.com,Male,Centimia,30.7325
12-4502040,Burl,Daysh,bdaysh1c@ox.ac.uk,Male,Voomm,6.3848
46-6208030,Adrien,Mc Ilwrick,amcilwrick1d@msu.edu,Male,Youspan,33.0253
85-7308572,Jacquelin,Batiste,jbatiste1e@wikipedia.org,Female,Tagopia,36.7013
63-9599387,Cordelie,Langstrath,clangstrath1f@rambler.ru,Female,Youspan,29.6738
79-9118567,Jada,Furmedge,jfurmedge1g@dagondesign.com,Female,Jayo,20.0074
07-9481510,Courtney,Joska,cjoska1h@chicagotribune.com,Male,Muxo,26.2511
37-7038618,Berry,Avent,bavent1i@is.gd,Female,Agimba,23.9817
62-3700191,Crystal,Aliberti,caliberti1j@prnewswire.com,Female,Flashspan,28.49
84-4322483,Thea,Rawlin,trawlin1k@booking.com,Female,Mybuzz,42.6081
43-1858406,Marrilee,Bacchus,mbacchus1l@sina.com.cn,Female,Jatri,42.5571
26-6814526,Martha,O'Shields,moshields1m@cbsnews.com,Female,Cogibox,
85-1276354,Yvonne,Le Gall,ylegall1n@narod.ru,Female,Quimm,
25-3574999,Daile,Thomson,dthomson1o@wikipedia.org,Female,Twitterwire,
20-7754903,Galvin,Ivamy,givamy1p@t-online.de,Male,Kayveo,
40-7528315,Ansel,Epgrave,aepgrave1q@eepurl.com,Male,Omba,21.6909
95-1838882,Juliane,Longcake,jlongcake1r@geocities.jp,Female,Fatz,12.1425
18-3888161,James,Steddall,jsteddall1s@yellowpages.com,Male,Demivee,23.0746
26-8773183,Dita,Heaton,dheaton1t@nyu.edu,Female,Rhyzio,27.3892
34-0663400,Danie,Denial,ddenial1u@ucla.edu,Male,Fiveclub,11.7843
82-4986519,Abby,Bramont,abramont1v@washingtonpost.com,Male,Agivu,
86-4183576,Nolana,Goodsall,ngoodsall1w@house.gov,Female,Fanoodle,23.9554
62-6822193,Benedikt,Szepe,bszepe1x@unc.edu,Male,Avamm,
00-9125666,Galen,Omond,gomond1y@weebly.com,Male,Avavee,38.897
20-7715698,Reid,McIlwaine,rmcilwaine1z@opensource.org,Male,Yodo,22.5684
35-0782006,Zebadiah,Robeson,zrobeson20@si.edu,Male,Viva,
84-0041173,Noelle,Dean,ndean21@jiathis.com,Female,Demizz,19.5874
12-7751237,Elvina,Gamett,egamett22@typepad.com,Female,Chatterpoint,41.5661
50-4669089,Dwain,Leathers,dleathers23@flickr.com,Male,Oyope,19.4124
45-9696714,Trumann,Scottrell,tscottrell24@tamu.edu,Male,Skaboo,38.075
63-6332354,Carline,Kleiner,ckleiner25@over-blog.com,Female,Thoughtbridge,28.2302
79-9207915,Mattheus,Izhaky,mizhaky26@disqus.com,Male,Divavu,42.4213
89-4558574,Bealle,Ilson,bilson27@businessinsider.com,Male,Feedspan,27.5133
83-4457725,Gottfried,Feige,gfeige28@google.co.jp,Male,Skajo,
03-6396056,Baillie,Fluit,bfluit29@cargocollective.com,Male,Thoughtworks,35.0815
10-1896160,Keven,Clarycott,kclarycott2a@google.pl,Male,Eadel,39.0081
73-3906455,Elise,Gostage,egostage2b@addthis.com,Female,Aimbu,23.9787
26-9550458,Zaccaria,Illing,zilling2c@miibeian.gov.cn,Male,Camido,23.9884
65-4857782,Niels,Offiler,noffiler2d@e-recht24.de,Male,Yodoo,32.9233
36-7760558,Ethe,Ellerman,eellerman2e@hc360.com,Male,Skajo,11.7536
30-7052966,Tymothy,Briars,tbriars2f@simplemachines.org,Male,Mita,41.4714
55-5224920,Valencia,Frankom,vfrankom2g@seattletimes.com,Female,Twinder,25.2343
13-8554850,Kelci,Jirzik,kjirzik2h@lycos.com,Female,Topiczoom,33.6888
51-8981133,Lucius,Giacometti,lgiacometti2i@virginia.edu,Male,Linkbuzz,
55-1238491,Fionna,Ruxton,fruxton2j@google.com.br,Female,Skipfire,18.8787
25-7772397,Chelsie,Whitworth,cwhitworth2k@simplemachines.org,Female,Vinder,26.2697
03-2212384,Ed,Cyson,ecyson2l@furl.net,Male,Rhynoodle,
03-2515665,Chen,Wheatland,cwheatland2m@yandex.ru,Male,Yamia,22.0943
53-8935129,Rollie,Chadbourne,rchadbourne2n@bloglines.com,Male,Rooxo,
18-3013643,Bella,Ead,bead2o@vk.com,Female,Skimia,
57-8425587,Skyler,Paullin,spaullin2p@oakley.com,Male,Yotz,27.0777
34-1219169,Gaby,Bouda,gbouda2q@newsvine.com,Male,Skidoo,22.178
89-8705734,Kleon,Wickmann,kwickmann2r@illinois.edu,Male,Yakidoo,36.025
08-5672116,Marylynne,Melia,mmelia2s@home.pl,Female,Eamia,35.612
45-0395234,Sidonnie,Trenear,strenear2t@usatoday.com,Female,Twimbo,17.0669
24-5704467,Karee,Perigoe,kperigoe2u@addtoany.com,Female,Meevee,20.6778
86-7990645,Rafa,Baldazzi,rbaldazzi2v@1und1.de,Female,Abata,28.6139
88-3809715,Minor,Diffley,mdiffley2w@princeton.edu,Male,Skidoo,27.8691
83-5735281,Hortense,Ledstone,hledstone2x@ifeng.com,Female,Thoughtstorm,
96-3051810,Elizabeth,Shand,eshand2y@prnewswire.com,Female,Livetube,28.7579
57-8463923,Leone,Yandle,lyandle2z@go.com,Female,Oyoba,
63-6516497,Reggi,Furmston,rfurmston30@newyorker.com,Female,Jabbertype,11.7908
23-8510507,Desdemona,Gemlbett,dgemlbett31@blogger.com,Female,Gabspot,26.8303
64-5005835,Harper,Cawston,hcawston32@miitbeian.gov.cn,Male,Gigazoom,30.1798
38-4391642,Nathalia,Coad,ncoad33@rambler.ru,Female,Demizz,32.599
14-9977575,Egan,Candey,ecandey34@state.tx.us,Male,Voolith,5.844
00-0579953,Jarret,Scogings,jscogings35@youtu.be,Male,Kwilith,42.6795
81-8446312,Patton,Baldini,pbaldini36@house.gov,Male,Thoughtbridge,23.4616
40-0371795,Dermot,East,deast37@altervista.org,Male,Rhybox,1.6982
16-3522742,Esra,Carvill,ecarvill38@imageshack.us,Male,Jetpulse,42.6565
86-0942258,Seana,Hendrich,shendrich39@howstuffworks.com,Female,Mybuzz,31.3375
32-1586681,Kylie,Husset,khusset3a@ask.com,Female,Yodo,24.6489
97-6012428,Marjy,Graffham,mgraffham3b@patch.com,Female,Youtags,20.0753
81-3463387,Klara,Yellowlea,kyellowlea3c@fema.gov,Female,Meevee,18.117
63-1723765,Judy,Burthom,jburthom3d@ning.com,Female,Meevee,23.3475
48-7024948,Ransell,Cluer,rcluer3e@gravatar.com,Male,Kwimbee,26.2877
85-7417172,Van,Gobat,vgobat3f@hibu.com,Female,Skajo,39.1438
18-4129076,Ciel,Giercke,cgiercke3g@ucsd.edu,Female,Chatterbridge,28.918
30-1515939,Geoff,Kaman,gkaman3h@businessweek.com,Male,Photobug,
21-4607172,Estrellita,Mainland,emainland3i@mac.com,Female,Devpulse,7.5396
48-3177904,Sallyann,Ortega,sortega3j@techcrunch.com,Female,Divape,
01-3766683,Jobie,Klainer,jklainer3k@cdbaby.com,Female,Rhyzio,30.6189
47-9669812,Atalanta,Futter,afutter3l@comsenz.com,Female,Jetpulse,28.476
24-3798052,Elisha,Hully,ehully3m@miibeian.gov.cn,Female,Jabberstorm,4.7731
